Производитель,Модель,Цена,Цена без скидки,Скидка,Процессор,Дискретная видеокарта,Встроенная видеокарта,Оперативная память,SSD,HDD,Экран,Операционная система,Ссылка
Dell,G515-6217,65999,0,0,Intel Core i5-10500Н 6x2.5 ГГц,NVIDIA GeForce GTX 1650 4 ГБ,Intel UHD Graphics,8 ГБ DDR4 2933 МГц,256 ГБ M.2 PCIe,Нет,"1920x1080 15.6"" WVA (TN+film) 120 Гц",Linux,https://www.dns-shop.ru/product/a3141d7748ebed20/156-noutbuk-dell-g515-6217-seryj/characteristics/
Lenovo,IdeaPad Gaming 3 15IMH05,69999,0,0,Intel Core i5-10300H 4x2.5 ГГц,NVIDIA GeForce GTX 1650 Ti 4 ГБ,Intel UHD Graphics 630,8 ГБ DDR4 2933 МГц,512 ГБ M.2 PCIe,Нет,"1920x1080 15.6"" IPS 60 Гц",без ОС,https://www.dns-shop.ru/product/0da7ed7b02051b80/156-noutbuk-lenovo-ideapad-gaming-3-15imh05-sinij/characteristics/
Acer,Aspire 7 A715-75G-52NW,72999,0,0,Intel Core i5-10300H 4x2.5 ГГц,NVIDIA GeForce GTX 1650 4 ГБ,Intel UHD Graphics,8 ГБ DDR4 2666 МГц,256 ГБ M.2 PCIe,Нет,"1920x1080 15.6"" IPS 60 Гц",без ОС,https://www.dns-shop.ru/product/d03beb88d2fe2ff2/156-noutbuk-acer-aspire-7-a715-75g-52nw-cernyj/characteristics/
MSI,GF76 Katana 11SC-483XRU,77999,0,0,Intel Core i5-11400H 6x2.7 ГГц,NVIDIA GeForce GTX 1650 4 ГБ,Intel UHD Graphics,8 ГБ DDR4 3200 МГц,256 ГБ M.2 PCIe,Нет,"1920x1080 17.3"" IPS 144 Гц",без ОС,https://www.dns-shop.ru/product/10668f1a19f2ed20/173-noutbuk-msi-gf76-katana-11sc-483xru-cernyj/characteristics/
MSI,GF63 Thin 11UC-255XRU,79999,84999,6,Intel Core i5-11400H 6x2.7 ГГц,NVIDIA GeForce RTX 3050 для ноутбуков 4 ГБ,Intel UHD Graphics,8 ГБ DDR4,256 ГБ M.2 PCIe,Нет,"1920x1080 15.6"" IPS 144 Гц",без ОС,https://www.dns-shop.ru/product/da2d8c75e07fed20/156-noutbuk-msi-gf63-thin-11uc-255xru-cernyj/characteristics/
HP,Victus 16-e0119ur,79999,0,0,AMD Ryzen 5 5600H 6x3.3 ГГц,NVIDIA GeForce GTX 1650 4 ГБ,AMD Radeon Graphics,8 ГБ DDR4 3200 МГц,512 ГБ M.2 PCIe,Нет,"1920x1080 16.1"" IPS 144 Гц",Windows 11 Home Single Language,https://www.dns-shop.ru/product/b9378b0c7f07ed20/161-noutbuk-hp-victus-16-e0119ur-seryj/characteristics/
Acer,Nitro 5 AN517-52-55V9,79999,0,0,Intel Core i5-10300H 4x2.5 ГГц,NVIDIA GeForce GTX 1650 4 ГБ,Intel UHD Graphics 630,8 ГБ DDR4 2933 МГц,512 ГБ M.2 PCIe,Нет,"1920x1080 17.3"" IPS 120 Гц",без ОС,https://www.dns-shop.ru/product/e2ce92d8d2fe2ff2/173-noutbuk-acer-nitro-5-an517-52-55v9-cernyj/characteristics/
Dream Machines,RG3050Ti-15RU20,80999,89999,10,Intel Core i5-11400H 6x2.7 ГГц,NVIDIA GeForce RTX 3050 Ti для ноутбуков 4 ГБ,Intel UHD Graphics,16 ГБ DDR4 3200 МГц,512 ГБ M.2 PCIe,Нет,"1920x1080 15.6"" WVA (TN+film) 144 Гц",без ОС,https://www.dns-shop.ru/product/a0413ed011d0ed20/156-noutbuk-dream-machines-rg3050ti-15ru20-cernyj/characteristics/
ASUS,TUF Gaming F15 FX506LH-HN236,81999,0,0,Intel Core i5-10300H 4x2.5 ГГц,NVIDIA GeForce GTX 1650 4 ГБ,Intel UHD Graphics,16 ГБ DDR4 2933 МГц,512 ГБ M.2 PCIe,Нет,"1920x1080 15.6"" IPS 144 Гц",без ОС,https://www.dns-shop.ru/product/77e3c4c2e2f5ed20/156-noutbuk-asus-tuf-gaming-f15-fx506lh-hn236-cernyj/characteristics/
ASUS,VivoBook Pro 15 K3500PH-L1136W,82999,0,0,Intel Core i5-11300H 4x3.1 ГГц,NVIDIA GeForce GTX 1650 4 ГБ,Intel Iris Xe Graphics,8 ГБ DDR4 3200 МГц,256 ГБ M.2 PCIe,Нет,"1920x1080 15.6"" OLED 60 Гц",Windows 11 Home Single Language,https://www.dns-shop.ru/product/75741ba70f7bed20/156-noutbuk-asus-vivobook-pro-15-k3500ph-l1136w-serebristyj/characteristics/
Acer,Aspire 7 A715-42G-R4GR,82999,0,0,AMD Ryzen 5 5500U 6x2.1 ГГц,NVIDIA GeForce RTX 3050 для ноутбуков 4 ГБ,AMD Radeon Graphics,8 ГБ DDR4 3200 МГц,512 ГБ M.2 PCIe,Нет,"1920x1080 15.6"" IPS 144 Гц",без ОС,https://www.dns-shop.ru/product/3f75ab84d2ff2ff2/156-noutbuk-acer-aspire-7-a715-42g-r4gr-cernyj/characteristics/
Dell,Inspiron 15 Plus 7510,82999,0,0,Intel Core i5-11400H 6x2.7 ГГц,NVIDIA GeForce RTX 3050 для ноутбуков 4 ГБ,Intel UHD Graphics,8 ГБ DDR4 3200 МГц,512 ГБ M.2 PCIe,Нет,"1920x1080 15.6"" WVA (TN+film) 60 Гц",Windows 11 Home Single Language,https://www.dns-shop.ru/product/fb9336237ccbed20/156-noutbuk-dell-inspiron-15-plus-7510-serebristyj/characteristics/
HP,VICTUS 16-e0093ur,83999,0,0,AMD Ryzen 5 5600H 6x3.3 ГГц,NVIDIA GeForce GTX 1650 4 ГБ,AMD Radeon Graphics,16 ГБ DDR4 3200 МГц,512 ГБ M.2 PCIe,Нет,"1920x1080 16.1"" IPS 144 Гц",без ОС,https://www.dns-shop.ru/product/11992084d6782ff4/161-noutbuk-hp-victus-16-e0093ur-seryj/characteristics/
Dell,G515-9901,84999,0,0,AMD Ryzen 5 5600H 6x3.3 ГГц,NVIDIA GeForce RTX 3050 для ноутбуков 4 ГБ,AMD Radeon Graphics,8 ГБ DDR4 3200 МГц,512 ГБ M.2 PCIe,Нет,"1920x1080 15.6"" WVA (TN+film) 120 Гц",Windows 10 Home Single Language,https://www.dns-shop.ru/product/c88dd5af48f8ed20/156-noutbuk-dell-g515-9901-seryj/characteristics/
MSI,GF63 Thin 11UD-254XRU,84999,91999,8,Intel Core i5-11400H 6x2.7 ГГц,NVIDIA GeForce RTX 3050 Ti для ноутбуков 4 ГБ,Intel UHD Graphics,8 ГБ DDR4,256 ГБ M.2 PCIe,Нет,"1920x1080 15.6"" IPS 144 Гц",без ОС,https://www.dns-shop.ru/product/5b4a8132e07fed20/156-noutbuk-msi-gf63-thin-11ud-254xru-cernyj/characteristics/
HP,Pavilion Gaming 17-cd2043ur,84999,0,0,Intel Core i5-11300H 4x2.6 ГГц,NVIDIA GeForce RTX 3050 для ноутбуков 4 ГБ,Intel UHD Graphics,8 ГБ DDR4 3200 МГц,512 ГБ M.2 PCIe,Нет,"1920x1080 17.3"" IPS 144 Гц",без ОС,https://www.dns-shop.ru/product/ad9996290f6eed20/173-noutbuk-hp-pavilion-gaming-17-cd2043ur-cernyj/characteristics/
ASUS,TUF Dash F15 FX516PC-HN558,85999,0,0,Intel Core i5-11300H 4x3.1 ГГц,NVIDIA GeForce RTX 3050 для ноутбуков 4 ГБ,Intel Iris Xe Graphics,8 ГБ DDR4 3200 МГц,512 ГБ M.2 PCIe,Нет,"1920x1080 15.6"" IPS 144 Гц",без ОС,https://www.dns-shop.ru/product/a69ce60e0ee4ed20/156-noutbuk-asus-tuf-dash-f15-fx516pc-hn558-seryj/characteristics/
Dell,G15 5510 G515-5392,86399,95999,10,Intel Core i5-11300H 4x3.1 ГГц,NVIDIA GeForce GTX 1660 Ti 6 ГБ,Intel UHD Graphics,8 ГБ DDR4 3200 МГц,1000 ГБ M.2 PCIe,Нет,"1920x1080 15.6"" WVA (TN+film) 144 Гц",Linux,https://www.dns-shop.ru/product/144d32ca45c8ed20/156-noutbuk-dell-g15-5510-g515-5392-cernyj/characteristics/
Dell,G515-6217,65999,0,0,Intel Core i5-10500Н 6x2.5 ГГц,NVIDIA GeForce GTX 1650 4 ГБ,Intel UHD Graphics,8 ГБ DDR4 2933 МГц,256 ГБ M.2 PCIe,Нет,"1920x1080 15.6"" WVA (TN+film) 120 Гц",Linux,https://www.dns-shop.ru/product/a3141d7748ebed20/156-noutbuk-dell-g515-6217-seryj/characteristics/
Lenovo,IdeaPad Gaming 3 15IMH05,69999,0,0,Intel Core i5-10300H 4x2.5 ГГц,NVIDIA GeForce GTX 1650 Ti 4 ГБ,Intel UHD Graphics 630,8 ГБ DDR4 2933 МГц,512 ГБ M.2 PCIe,Нет,"1920x1080 15.6"" IPS 60 Гц",без ОС,https://www.dns-shop.ru/product/0da7ed7b02051b80/156-noutbuk-lenovo-ideapad-gaming-3-15imh05-sinij/characteristics/
Acer,Aspire 7 A715-75G-52NW,72999,0,0,Intel Core i5-10300H 4x2.5 ГГц,NVIDIA GeForce GTX 1650 4 ГБ,Intel UHD Graphics,8 ГБ DDR4 2666 МГц,256 ГБ M.2 PCIe,Нет,"1920x1080 15.6"" IPS 60 Гц",без ОС,https://www.dns-shop.ru/product/d03beb88d2fe2ff2/156-noutbuk-acer-aspire-7-a715-75g-52nw-cernyj/characteristics/
MSI,GF76 Katana 11SC-483XRU,77999,0,0,Intel Core i5-11400H 6x2.7 ГГц,NVIDIA GeForce GTX 1650 4 ГБ,Intel UHD Graphics,8 ГБ DDR4 3200 МГц,256 ГБ M.2 PCIe,Нет,"1920x1080 17.3"" IPS 144 Гц",без ОС,https://www.dns-shop.ru/product/10668f1a19f2ed20/173-noutbuk-msi-gf76-katana-11sc-483xru-cernyj/characteristics/
MSI,GF63 Thin 11UC-255XRU,79999,84999,6,Intel Core i5-11400H 6x2.7 ГГц,NVIDIA GeForce RTX 3050 для ноутбуков 4 ГБ,Intel UHD Graphics,8 ГБ DDR4,256 ГБ M.2 PCIe,Нет,"1920x1080 15.6"" IPS 144 Гц",без ОС,https://www.dns-shop.ru/product/da2d8c75e07fed20/156-noutbuk-msi-gf63-thin-11uc-255xru-cernyj/characteristics/
HP,Victus 16-e0119ur,79999,0,0,AMD Ryzen 5 5600H 6x3.3 ГГц,NVIDIA GeForce GTX 1650 4 ГБ,AMD Radeon Graphics,8 ГБ DDR4 3200 МГц,512 ГБ M.2 PCIe,Нет,"1920x1080 16.1"" IPS 144 Гц",Windows 11 Home Single Language,https://www.dns-shop.ru/product/b9378b0c7f07ed20/161-noutbuk-hp-victus-16-e0119ur-seryj/characteristics/
Acer,Nitro 5 AN517-52-55V9,79999,0,0,Intel Core i5-10300H 4x2.5 ГГц,NVIDIA GeForce GTX 1650 4 ГБ,Intel UHD Graphics 630,8 ГБ DDR4 2933 МГц,512 ГБ M.2 PCIe,Нет,"1920x1080 17.3"" IPS 120 Гц",без ОС,https://www.dns-shop.ru/product/e2ce92d8d2fe2ff2/173-noutbuk-acer-nitro-5-an517-52-55v9-cernyj/characteristics/
Dream Machines,RG3050Ti-15RU20,80999,89999,10,Intel Core i5-11400H 6x2.7 ГГц,NVIDIA GeForce RTX 3050 Ti для ноутбуков 4 ГБ,Intel UHD Graphics,16 ГБ DDR4 3200 МГц,512 ГБ M.2 PCIe,Нет,"1920x1080 15.6"" WVA (TN+film) 144 Гц",без ОС,https://www.dns-shop.ru/product/a0413ed011d0ed20/156-noutbuk-dream-machines-rg3050ti-15ru20-cernyj/characteristics/
ASUS,TUF Gaming F15 FX506LH-HN236,81999,0,0,Intel Core i5-10300H 4x2.5 ГГц,NVIDIA GeForce GTX 1650 4 ГБ,Intel UHD Graphics,16 ГБ DDR4 2933 МГц,512 ГБ M.2 PCIe,Нет,"1920x1080 15.6"" IPS 144 Гц",без ОС,https://www.dns-shop.ru/product/77e3c4c2e2f5ed20/156-noutbuk-asus-tuf-gaming-f15-fx506lh-hn236-cernyj/characteristics/
ASUS,VivoBook Pro 15 K3500PH-L1136W,82999,0,0,Intel Core i5-11300H 4x3.1 ГГц,NVIDIA GeForce GTX 1650 4 ГБ,Intel Iris Xe Graphics,8 ГБ DDR4 3200 МГц,256 ГБ M.2 PCIe,Нет,"1920x1080 15.6"" OLED 60 Гц",Windows 11 Home Single Language,https://www.dns-shop.ru/product/75741ba70f7bed20/156-noutbuk-asus-vivobook-pro-15-k3500ph-l1136w-serebristyj/characteristics/
Acer,Aspire 7 A715-42G-R4GR,82999,0,0,AMD Ryzen 5 5500U 6x2.1 ГГц,NVIDIA GeForce RTX 3050 для ноутбуков 4 ГБ,AMD Radeon Graphics,8 ГБ DDR4 3200 МГц,512 ГБ M.2 PCIe,Нет,"1920x1080 15.6"" IPS 144 Гц",без ОС,https://www.dns-shop.ru/product/3f75ab84d2ff2ff2/156-noutbuk-acer-aspire-7-a715-42g-r4gr-cernyj/characteristics/
Dell,Inspiron 15 Plus 7510,82999,0,0,Intel Core i5-11400H 6x2.7 ГГц,NVIDIA GeForce RTX 3050 для ноутбуков 4 ГБ,Intel UHD Graphics,8 ГБ DDR4 3200 МГц,512 ГБ M.2 PCIe,Нет,"1920x1080 15.6"" WVA (TN+film) 60 Гц",Windows 11 Home Single Language,https://www.dns-shop.ru/product/fb9336237ccbed20/156-noutbuk-dell-inspiron-15-plus-7510-serebristyj/characteristics/
HP,VICTUS 16-e0093ur,83999,0,0,AMD Ryzen 5 5600H 6x3.3 ГГц,NVIDIA GeForce GTX 1650 4 ГБ,AMD Radeon Graphics,16 ГБ DDR4 3200 МГц,512 ГБ M.2 PCIe,Нет,"1920x1080 16.1"" IPS 144 Гц",без ОС,https://www.dns-shop.ru/product/11992084d6782ff4/161-noutbuk-hp-victus-16-e0093ur-seryj/characteristics/
Dell,G515-9901,84999,0,0,AMD Ryzen 5 5600H 6x3.3 ГГц,NVIDIA GeForce RTX 3050 для ноутбуков 4 ГБ,AMD Radeon Graphics,8 ГБ DDR4 3200 МГц,512 ГБ M.2 PCIe,Нет,"1920x1080 15.6"" WVA (TN+film) 120 Гц",Windows 10 Home Single Language,https://www.dns-shop.ru/product/c88dd5af48f8ed20/156-noutbuk-dell-g515-9901-seryj/characteristics/
MSI,GF63 Thin 11UD-254XRU,84999,91999,8,Intel Core i5-11400H 6x2.7 ГГц,NVIDIA GeForce RTX 3050 Ti для ноутбуков 4 ГБ,Intel UHD Graphics,8 ГБ DDR4,256 ГБ M.2 PCIe,Нет,"1920x1080 15.6"" IPS 144 Гц",без ОС,https://www.dns-shop.ru/product/5b4a8132e07fed20/156-noutbuk-msi-gf63-thin-11ud-254xru-cernyj/characteristics/
HP,Pavilion Gaming 17-cd2043ur,84999,0,0,Intel Core i5-11300H 4x2.6 ГГц,NVIDIA GeForce RTX 3050 для ноутбуков 4 ГБ,Intel UHD Graphics,8 ГБ DDR4 3200 МГц,512 ГБ M.2 PCIe,Нет,"1920x1080 17.3"" IPS 144 Гц",без ОС,https://www.dns-shop.ru/product/ad9996290f6eed20/173-noutbuk-hp-pavilion-gaming-17-cd2043ur-cernyj/characteristics/
ASUS,TUF Dash F15 FX516PC-HN558,85999,0,0,Intel Core i5-11300H 4x3.1 ГГц,NVIDIA GeForce RTX 3050 для ноутбуков 4 ГБ,Intel Iris Xe Graphics,8 ГБ DDR4 3200 МГц,512 ГБ M.2 PCIe,Нет,"1920x1080 15.6"" IPS 144 Гц",без ОС,https://www.dns-shop.ru/product/a69ce60e0ee4ed20/156-noutbuk-asus-tuf-dash-f15-fx516pc-hn558-seryj/characteristics/
Dell,G15 5510 G515-5392,86399,95999,10,Intel Core i5-11300H 4x3.1 ГГц,NVIDIA GeForce GTX 1660 Ti 6 ГБ,Intel UHD Graphics,8 ГБ DDR4 3200 МГц,1000 ГБ M.2 PCIe,Нет,"1920x1080 15.6"" WVA (TN+film) 144 Гц",Linux,https://www.dns-shop.ru/product/144d32ca45c8ed20/156-noutbuk-dell-g15-5510-g515-5392-cernyj/characteristics/
Dell,G515-0564,86999,0,0,Intel Core i5-10200H 4x2.4 ГГц,NVIDIA GeForce RTX 3050 для ноутбуков 4 ГБ,Intel UHD Graphics,16 ГБ DDR4 2933 МГц,512 ГБ M.2 PCIe,Нет,"1920x1080 15.6"" WVA (TN+film) 120 Гц",Windows 10 Home Single Language,https://www.dns-shop.ru/product/fd9295f54907ed20/156-noutbuk-dell-g515-0564-seryj/characteristics/
Lenovo,IdeaPad Gaming 3 15IHU6,86999,0,0,Intel Core i5-11300H 4x3.1 ГГц,NVIDIA GeForce RTX 3050 для ноутбуков 4 ГБ,Intel UHD Graphics,8 ГБ DDR4 3200 МГц,512 ГБ M.2 PCIe,Нет,"1920x1080 15.6"" IPS 120 Гц",без ОС,https://www.dns-shop.ru/product/54b78b10938dd760/156-noutbuk-lenovo-ideapad-gaming-3-15ihu6-cernyj/characteristics/
ASUS,TUF Dash F15 FX516PE-HN004,87999,0,0,Intel Core i5-11300H 4x3.1 ГГц,NVIDIA GeForce RTX 3050 Ti для ноутбуков 4 ГБ,Intel Iris Xe Graphics,8 ГБ DDR4 3200 МГц,512 ГБ M.2 PCIe,Нет,"1920x1080 15.6"" IPS 144 Гц",без ОС,https://www.dns-shop.ru/product/b85c9a90a0f52ff1/156-noutbuk-asus-tuf-dash-f15-fx516pe-hn004-seryj/characteristics/
HP,Victus 16-e0010ur,87999,0,0,AMD Ryzen 5 5600H 6x3.3 ГГц,NVIDIA GeForce RTX 3050 для ноутбуков 4 ГБ,AMD Radeon Graphics,16 ГБ DDR4 3200 МГц,512 ГБ M.2 PCIe,Нет,"1920x1080 16.1"" IPS 144 Гц",без ОС,https://www.dns-shop.ru/product/1ca35eb5a31e2ff1/161-noutbuk-hp-victus-16-e0010ur-serebristyj/characteristics/
MSI,GF76 Katana 11UC-480XRU,87999,0,0,Intel Core i5-11400H 6x2.7 ГГц,NVIDIA GeForce RTX 3050 для ноутбуков 4 ГБ,Intel UHD Graphics,8 ГБ DDR4 3200 МГц,512 ГБ M.2 PCIe,Нет,"1920x1080 17.3"" IPS 144 Гц",без ОС,https://www.dns-shop.ru/product/10668f1919f2ed20/173-noutbuk-msi-gf76-katana-11uc-480xru-cernyj/characteristics/
ASUS,TUF Gaming A15 FX506IC-HN020,88999,0,0,AMD Ryzen 7 4800H 8x2.9 ГГц,NVIDIA GeForce RTX 3050 для ноутбуков 4 ГБ,AMD Radeon Graphics,8 ГБ DDR4 3200 МГц,512 ГБ M.2 PCIe,Нет,"1920x1080 15.6"" IPS 144 Гц",без ОС,https://www.dns-shop.ru/product/18acd38b0f7bed20/156-noutbuk-asus-tuf-gaming-a15-fx506ic-hn020-cernyj/characteristics/
Acer,Nitro 5 AN515-57-534E,89999,0,0,Intel Core i5-11400H 6x2.7 ГГц,NVIDIA GeForce RTX 3050 Ti для ноутбуков 4 ГБ,Intel UHD Graphics,8 ГБ DDR4 3200 МГц,512 ГБ M.2 PCIe,Нет,"1920x1080 15.6"" IPS 144 Гц",Windows 11 Home Single Language,https://www.dns-shop.ru/product/db9247d25cb5ed20/156-noutbuk-acer-nitro-5-an515-57-534e-cernyj/characteristics/
Dell,G515-4548,89999,0,0,AMD Ryzen 5 4600H 6x3 ГГц,AMD Radeon RX 5600M 6 ГБ,AMD Radeon Graphics,8 ГБ DDR4 3200 МГц,512 ГБ M.2 PCIe,Нет,"1920x1080 15.6"" WVA (TN+film) 120 Гц",Windows 10 Home Single Language,https://www.dns-shop.ru/product/9df2c195482ded20/156-noutbuk-dell-g515-4548-seryj/characteristics/
MSI,GF66 Katana 11UE-408XRU,89999,99999,10,Intel Core i5-11400H 6x2.7 ГГц,NVIDIA GeForce RTX 3060 для ноутбуков 6 ГБ,Intel UHD Graphics,8 ГБ DDR4 3200 МГц,512 ГБ M.2 PCIe,Нет,"1920x1080 15.6"" IPS 144 Гц",без ОС,https://www.dns-shop.ru/product/17b7d73119f2ed20/156-noutbuk-msi-gf66-katana-11ue-408xru-cernyj/characteristics/
HP,OMEN 16-c0007ur,89999,99999,10,AMD Ryzen 5 5600H 6x3.3 ГГц,AMD Radeon RX 6600M 8 ГБ,AMD Radeon Graphics,16 ГБ DDR4 3200 МГц,512 ГБ M.2 PCIe,Нет,"1920x1080 16.1"" IPS 144 Гц",без ОС,https://www.dns-shop.ru/product/8e28f1df0f6fed20/161-noutbuk-hp-omen-16-c0007ur-serebristyj/characteristics/
MSI,GF75 10UD-045XRU,89999,99999,10,Intel Core i7-10750H 6x2.6 ГГц,NVIDIA GeForce RTX 3050 Ti для ноутбуков 4 ГБ,Intel UHD Graphics 630,8 ГБ DDR4 2666 МГц,512 ГБ M.2 PCIe,Нет,"1920x1080 17.3"" IPS 144 Гц",без ОС,https://www.dns-shop.ru/product/8c460bf4a72e2ff1/173-noutbuk-msi-gf75-10ud-045xru-cernyj/characteristics/
Acer,Nitro 5 AN515-57-548J,90999,0,0,Intel Core i5-11400H 6x2.7 ГГц,NVIDIA GeForce RTX 3050 Ti для ноутбуков 4 ГБ,Intel UHD Graphics,16 ГБ DDR4 3200 МГц,512 ГБ M.2 PCIe,Нет,"1920x1080 15.6"" IPS 144 Гц",без ОС,https://www.dns-shop.ru/product/bc579f6f32d7ed20/156-noutbuk-acer-nitro-5-an515-57-548j-cernyj/characteristics/
Lenovo,IdeaPad Gaming 3 15IHU6,90999,0,0,Intel Core i5-11300H 4x3.1 ГГц,NVIDIA GeForce RTX 3050 для ноутбуков 4 ГБ,Intel Iris Xe Graphics,8 ГБ DDR4 3200 МГц,512 ГБ M.2 PCIe,Нет,"1920x1080 15.6"" IPS 120 Гц",Windows 11 Home Single Language,https://www.dns-shop.ru/product/9f0539a37820ed20/156-noutbuk-lenovo-ideapad-gaming-3-15ihu6-cernyj/characteristics/
MSI,GF76 Katana 11UD-482XRU,90999,0,0,Intel Core i5-11400H 6x2.7 ГГц,NVIDIA GeForce RTX 3050 Ti для ноутбуков 4 ГБ,Intel UHD Graphics,8 ГБ DDR4 3200 МГц,512 ГБ M.2 PCIe,Нет,"1920x1080 17.3"" IPS 144 Гц",без ОС,https://www.dns-shop.ru/product/10668f1719f2ed20/173-noutbuk-msi-gf76-katana-11ud-482xru-cernyj/characteristics/
ASUS,TUF Dash F15 FX516PC-HN023,92999,0,0,Intel Core i5-11300H 4x3.1 ГГц,NVIDIA GeForce RTX 3050 для ноутбуков 4 ГБ,Intel Iris Xe Graphics,16 ГБ DDR4 3200 МГц,512 ГБ M.2 PCIe,Нет,"1920x1080 15.6"" IPS 144 Гц",без ОС,https://www.dns-shop.ru/product/ac9a0d760ee4ed20/156-noutbuk-asus-tuf-dash-f15-fx516pc-hn023-seryj/characteristics/
HP,Victus 16-d0006ur,92999,0,0,Intel Core i5-11400H 6x2.7 ГГц,NVIDIA GeForce RTX 3050 для ноутбуков 4 ГБ,Intel UHD Graphics Xe,16 ГБ DDR4 2933 МГц,512 ГБ M.2 PCIe,Нет,"1920x1080 16.1"" IPS 144 Гц",Windows 11 Home Single Language,https://www.dns-shop.ru/product/1686e04aa31e2ff1/161-noutbuk-hp-victus-16-d0006ur-sinij/characteristics/
HP,Victus 16-e0009ur,92999,0,0,AMD Ryzen 5 5600H 6x3.3 ГГц,NVIDIA GeForce RTX 3050 для ноутбуков 4 ГБ,AMD Radeon Graphics,16 ГБ DDR4 3200 МГц,512 ГБ M.2 PCIe,Нет,"1920x1080 16.1"" IPS 144 Гц",Windows 10 Home Single Language,https://www.dns-shop.ru/product/1ca35eb4a31e2ff1/161-noutbuk-hp-victus-16-e0009ur-serebristyj/characteristics/
Acer,Nitro 5 AN517-52-57WE,92999,0,0,Intel Core i5-10300H 4x2.5 ГГц,NVIDIA GeForce RTX 3050 для ноутбуков 4 ГБ,Intel UHD Graphics,16 ГБ DDR4 2933 МГц,512 ГБ M.2 PCIe,Нет,"1920x1080 17.3"" IPS 120 Гц",без ОС,https://www.dns-shop.ru/product/07bc7d59d2ff2ff2/173-noutbuk-acer-nitro-5-an517-52-57we-cernyj/characteristics/
Acer,Nitro 5 AN515-55-707X,94999,0,0,Intel Core i7-10750H 6x2.6 ГГц,NVIDIA GeForce RTX 3060 для ноутбуков 6 ГБ,Intel UHD Graphics,8 ГБ DDR4 2933 МГц,512 ГБ M.2 PCIe,Нет,"1920x1080 15.6"" IPS 144 Гц",без ОС,https://www.dns-shop.ru/product/c8f3337940333332/156-noutbuk-acer-nitro-5-an515-55-707x-cernyj/characteristics/
MSI,GF63 Thin 11UD-221RU,94999,0,0,Intel Core i5-11400H 6x2.7 ГГц,NVIDIA GeForce RTX 3050 Ti для ноутбуков 4 ГБ,Intel UHD Graphics,8 ГБ DDR4 3200 МГц,512 ГБ M.2 PCIe,Нет,"1920x1080 15.6"" IPS 144 Гц",Windows 11 Home Single Language,https://www.dns-shop.ru/product/3fed33049fa32ff4/156-noutbuk-msi-gf63-thin-11ud-221ru-cernyj/characteristics/
GIGABYTE,G7,94999,0,0,Intel Core i5-11400H 6x2.7 ГГц,NVIDIA GeForce RTX 3050 для ноутбуков 4 ГБ,Intel UHD Graphics,16 ГБ DDR4 3200 МГц,512 ГБ M.2 PCIe,Нет,"1920x1080 17.3"" IPS 144 Гц",без ОС,https://www.dns-shop.ru/product/6808aee0a23f2eb1/173-noutbuk-gigabyte-g7-cernyj/characteristics/
ASUS,TUF Dash F15 FX516PC-HN107,96999,0,0,Intel Core i5-11300H 4x3.1 ГГц,NVIDIA GeForce RTX 3050 для ноутбуков 4 ГБ,Intel Iris Xe Graphics,16 ГБ DDR4 3200 МГц,512 ГБ M.2 PCIe,Нет,"1920x1080 15.6"" IPS 144 Гц",без ОС,https://www.dns-shop.ru/product/c9176efce157ed20/156-noutbuk-asus-tuf-dash-f15-fx516pc-hn107-seryj/characteristics/
MSI,GF76 Katana 11UC-479XRU,97999,0,0,Intel Core i7-11800H 8x2.3 ГГц,NVIDIA GeForce RTX 3050 для ноутбуков 4 ГБ,Intel UHD Graphics,8 ГБ DDR4 3200 МГц,512 ГБ M.2 PCIe,Нет,"1920x1080 17.3"" IPS 144 Гц",без ОС,https://www.dns-shop.ru/product/10668f1819f2ed20/173-noutbuk-msi-gf76-katana-11uc-479xru-cernyj/characteristics/
MSI,Pulse GL66 11UCK-422RU,98799,0,0,Intel Core i5-11400H 6x2.7 ГГц,NVIDIA GeForce RTX 3050 для ноутбуков 4 ГБ,Intel UHD Graphics,8 ГБ DDR4 3200 МГц,512 ГБ M.2 PCIe,Нет,"1920x1080 15.6"" IPS 144 Гц",Windows 11 Home Single Language,https://www.dns-shop.ru/product/3fed33069fa32ff4/156-noutbuk-msi-pulse-gl66-11uck-422ru-seryj/characteristics/
GIGABYTE,G5 KC,98999,109999,10,Intel Core i5-10500Н 6x2.5 ГГц,NVIDIA GeForce RTX 3060 для ноутбуков 6 ГБ,Intel UHD Graphics,16 ГБ DDR4 3200 МГц,512 ГБ M.2 PCIe,Нет,"1920x1080 15.6"" IPS 144 Гц",Windows 11 Home Single Language,https://www.dns-shop.ru/product/f0f60800c505ed20/156-noutbuk-gigabyte-g5-kc-cernyj/characteristics/
GIGABYTE,G5,98999,109999,10,Intel Core i5-10500Н 6x2.5 ГГц,NVIDIA GeForce RTX 3060 для ноутбуков 6 ГБ,Intel UHD Graphics 630,16 ГБ DDR4 2933 МГц,512 ГБ M.2 PCIe,Нет,"1920x1080 15.6"" IPS 144 Гц",Windows 10 Home Single Language,https://www.dns-shop.ru/product/adc1b461a0b22eb1/156-noutbuk-gigabyte-g5-cernyj/characteristics/
GIGABYTE,G5 KC,99999,0,0,Intel Core i5-10500Н 6x2.5 ГГц,NVIDIA GeForce RTX 3060 для ноутбуков 6 ГБ,Intel UHD Graphics 630,16 ГБ DDR4 2666 МГц,512 ГБ M.2 PCIe,Нет,"1920x1080 15.6"" IPS 144 Гц",без ОС,https://www.dns-shop.ru/product/ec716e2a54943332/156-noutbuk-gigabyte-g5-kc-cernyj/characteristics/
GIGABYTE,G5 MD,99999,0,0,Intel Core i5-11400H 6x2.7 ГГц,NVIDIA GeForce RTX 3050 Ti для ноутбуков 4 ГБ,Intel UHD Graphics,16 ГБ DDR4 3200 МГц,512 ГБ M.2 PCIe,Нет,"1920x1080 15.6"" IPS 144 Гц",без ОС,https://www.dns-shop.ru/product/530bbf7dc504ed20/156-noutbuk-gigabyte-g5-md-cernyj/characteristics/
MSI,GF76 Katana 11UD-695XRU,99999,0,0,Intel Core i5-11400H 6x2.7 ГГц,NVIDIA GeForce RTX 3050 Ti для ноутбуков 4 ГБ,Intel UHD Graphics,16 ГБ DDR4 3200 МГц,512 ГБ M.2 PCIe,Нет,"1920x1080 17.3"" IPS 144 Гц",без ОС,https://www.dns-shop.ru/product/c25d8f5974e7ed20/173-noutbuk-msi-gf76-katana-11ud-695xru-cernyj/characteristics/
MSI,GF76 Katana 11UD-481XRU,102999,0,0,Intel Core i7-11800H 8x2.3 ГГц,NVIDIA GeForce RTX 3050 Ti для ноутбуков 4 ГБ,Intel UHD Graphics,8 ГБ DDR4 3200 МГц,512 ГБ M.2 PCIe,Нет,"1920x1080 17.3"" IPS 144 Гц",без ОС,https://www.dns-shop.ru/product/0947b79519f2ed20/173-noutbuk-msi-gf76-katana-11ud-481xru-cernyj/characteristics/
Acer,Predator Triton 300 SE PT314-51s-552L,103499,114999,10,Intel Core i5-11300H 4x3.1 ГГц,NVIDIA GeForce RTX 3060 для ноутбуков 6 ГБ,Intel Iris Xe Graphics,8 ГБ DDR4 3200 МГц,512 ГБ M.2 PCIe,Нет,"1920x1080 14"" IPS 144 Гц",Windows 10 Home Single Language,https://www.dns-shop.ru/product/c8f3337b40333332/14-noutbuk-acer-predator-triton-300-se-pt314-51s-552l-serebristyj/characteristics/
MSI,GF63 Thin 11UC-218XRU,103999,0,0,Intel Core i7-11800H 8x2.3 ГГц,NVIDIA GeForce RTX 3050 для ноутбуков 4 ГБ,Intel UHD Graphics,8 ГБ DDR4 3200 МГц,512 ГБ M.2 PCIe,Нет,"1920x1080 15.6"" IPS 144 Гц",без ОС,https://www.dns-shop.ru/product/2df386fe9fa32ff4/156-noutbuk-msi-gf63-thin-11uc-218xru-cernyj/characteristics/
GIGABYTE,G5 KD,104999,0,0,Intel Core i5-11400H 6x2.7 ГГц,NVIDIA GeForce RTX 3060 для ноутбуков 6 ГБ,Intel UHD Graphics,16 ГБ DDR4 3200 МГц,512 ГБ M.2 PCIe,Нет,"1920x1080 15.6"" IPS 144 Гц",без ОС,https://www.dns-shop.ru/product/4c89695bc503ed20/156-noutbuk-gigabyte-g5-kd-cernyj/characteristics/
HP,Pavilion Gaming 15-ec2001ur,104999,0,0,AMD Ryzen 5 5600H 6x3.3 ГГц,NVIDIA GeForce RTX 3050 для ноутбуков 4 ГБ,AMD Radeon Graphics,16 ГБ DDR4 3200 МГц,512 ГБ M.2 PCIe,Нет,"1920x1080 15.6"" IPS 144 Гц",Windows 10 Home Single Language,https://www.dns-shop.ru/product/0ae9202a8ae9d760/156-noutbuk-hp-pavilion-gaming-15-ec2001ur-cernyj/characteristics/
HP,Pavilion Gaming 15-ec2010ur,104999,0,0,AMD Ryzen 5 5600H 6x3.3 ГГц,NVIDIA GeForce GTX 1650 4 ГБ,AMD Radeon Graphics,16 ГБ DDR4 3200 МГц,512 ГБ M.2 PCIe,Нет,"1920x1080 15.6"" IPS 144 Гц",без ОС,https://www.dns-shop.ru/product/e059a01515cb2ff2/156-noutbuk-hp-pavilion-gaming-15-ec2010ur-cernyj/characteristics/
MSI,GF66 Katana 11UE-819XRU,104999,0,0,Intel Core i5-11400H 6x2.7 ГГц,NVIDIA GeForce RTX 3060 для ноутбуков 6 ГБ,Intel UHD Graphics,16 ГБ DDR4 3200 МГц,512 ГБ M.2 PCIe,Нет,"1920x1080 15.6"" IPS 144 Гц",без ОС,https://www.dns-shop.ru/product/e91dce4474e4ed20/156-noutbuk-msi-gf66-katana-11ue-819xru-cernyj/characteristics/
MSI,GF76 Katana 11UC-696XRU,106999,0,0,Intel Core i7-11800H 8x2.3 ГГц,NVIDIA GeForce RTX 3050 для ноутбуков 4 ГБ,Intel UHD Graphics,16 ГБ DDR4 3200 МГц,512 ГБ M.2 PCIe,Нет,"1920x1080 17.3"" IPS 144 Гц",без ОС,https://www.dns-shop.ru/product/580974f374e8ed20/173-noutbuk-msi-gf76-katana-11uc-696xru-cernyj/characteristics/
GIGABYTE,G5 KD,107099,118999,10,Intel Core i5-11400H 6x2.7 ГГц,NVIDIA GeForce RTX 3060 для ноутбуков 6 ГБ,Intel UHD Graphics,16 ГБ DDR4 3200 МГц,512 ГБ M.2 PCIe,Нет,"1920x1080 15.6"" IPS 144 Гц",Windows 11 Home Single Language,https://www.dns-shop.ru/product/c3bb4a35c502ed20/156-noutbuk-gigabyte-g5-kd-cernyj/characteristics/
MSI,GF76 Katana 11UE-270XRU,107999,119999,10,Intel Core i5-11400H 6x2.7 ГГц,NVIDIA GeForce RTX 3060 для ноутбуков 6 ГБ,Intel UHD Graphics,16 ГБ DDR4 3200 МГц,512 ГБ M.2 PCIe,Нет,"1920x1080 17.3"" IPS 144 Гц",без ОС,https://www.dns-shop.ru/product/0947b79219f2ed20/173-noutbuk-msi-gf76-katana-11ue-270xru-cernyj/characteristics/
MSI,GF76 Katana 11UD-694XRU,108999,0,0,Intel Core i7-11800H 8x2.3 ГГц,NVIDIA GeForce RTX 3050 Ti для ноутбуков 4 ГБ,Intel UHD Graphics,16 ГБ DDR4 3200 МГц,512 ГБ M.2 PCIe,Нет,"1920x1080 17.3"" IPS 144 Гц",без ОС,https://www.dns-shop.ru/product/2712b36574e7ed20/173-noutbuk-msi-gf76-katana-11ud-694xru-cernyj/characteristics/
Acer,Nitro 5 AN515-45-R6KH,109999,0,0,AMD Ryzen 5 5600H 6x3.3 ГГц,NVIDIA GeForce RTX 3060 для ноутбуков 6 ГБ,AMD Radeon Graphics,16 ГБ DDR4 3200 МГц,512 ГБ M.2 PCIe,Нет,"1920x1080 15.6"" IPS 144 Гц",Windows 11 Home Single Language,https://www.dns-shop.ru/product/2cc553da7d7fed20/156-noutbuk-acer-nitro-5-an515-45-r6kh-cernyj/characteristics/
ASUS,TUF Gaming F15 FX506HM-HN016W,112499,124999,10,Intel Core i5-11400H 6x2.7 ГГц,NVIDIA GeForce RTX 3060 для ноутбуков 6 ГБ,Intel UHD Graphics,16 ГБ DDR4 3200 МГц,512 ГБ M.2 PCIe,Нет,"1920x1080 15.6"" IPS 144 Гц",Windows 11 Home Single Language,https://www.dns-shop.ru/product/6653f8c55e2ced20/156-noutbuk-asus-tuf-gaming-f15-fx506hm-hn016w-cernyj/characteristics/
MSI,GF66 Katana 11UE-407XRU,112499,124999,10,Intel Core i7-11800H 8x2.3 ГГц,NVIDIA GeForce RTX 3060 для ноутбуков 6 ГБ,Intel UHD Graphics,16 ГБ DDR4 3200 МГц,512 ГБ M.2 PCIe,Нет,"1920x1080 15.6"" IPS 144 Гц",без ОС,https://www.dns-shop.ru/product/17b7d73019f2ed20/156-noutbuk-msi-gf66-katana-11ue-407xru-cernyj/characteristics/
MSI,GF76 Katana 11UD-072RU,114999,0,0,Intel Core i7-11800H 8x2.3 ГГц,NVIDIA GeForce RTX 3050 Ti для ноутбуков 4 ГБ,Intel UHD Graphics,8 ГБ DDR4 3200 МГц,512 ГБ M.2 PCIe,Нет,"1920x1080 17.3"" IPS 144 Гц",Windows 10 Home Single Language,https://www.dns-shop.ru/product/f7423faba72d2ff1/173-noutbuk-msi-gf76-katana-11ud-072ru-cernyj/characteristics/
HP,VICTUS 16-e0077ur,115999,0,0,AMD Ryzen 5 5600H 6x3.3 ГГц,NVIDIA GeForce RTX 3060 для ноутбуков 6 ГБ,AMD Radeon Graphics,8 ГБ DDR4 3200 МГц,512 ГБ M.2 PCIe,Нет,"1920x1080 16.1"" IPS 144 Гц",Windows 10 Home Single Language,https://www.dns-shop.ru/product/d2170bf8c5622ff4/161-noutbuk-hp-victus-16-e0077ur-sinij/characteristics/
Dream Machines,RG3060-15RU46,116999,129999,10,Intel Core i7-11800H 8x2.3 ГГц,NVIDIA GeForce RTX 3060 для ноутбуков 6 ГБ,Intel UHD Graphics,16 ГБ DDR4 3200 МГц,512 ГБ M.2 PCIe,Нет,"1920x1080 15.6"" WVA (TN+film) 144 Гц",без ОС,https://www.dns-shop.ru/product/a890a93211d0ed20/156-noutbuk-dream-machines-rg3060-15ru46-cernyj/characteristics/
MSI,GF66 Katana 11UE-406RU,116999,129999,10,Intel Core i7-11800H 8x2.3 ГГц,NVIDIA GeForce RTX 3060 для ноутбуков 6 ГБ,Intel UHD Graphics,16 ГБ DDR4 3200 МГц,512 ГБ M.2 PCIe,Нет,"1920x1080 15.6"" IPS 144 Гц",Windows 10 Home Single Language,https://www.dns-shop.ru/product/10668f1b19f2ed20/156-noutbuk-msi-gf66-katana-11ue-406ru-cernyj/characteristics/
MSI,GF76 Katana 11UE-269XRU,119699,132999,10,Intel Core i7-11800H 8x2.3 ГГц,NVIDIA GeForce RTX 3060 для ноутбуков 6 ГБ,Intel UHD Graphics,16 ГБ DDR4 3200 МГц,512 ГБ M.2 PCIe,Нет,"1920x1080 17.3"" IPS 144 Гц",без ОС,https://www.dns-shop.ru/product/0947b79119f2ed20/173-noutbuk-msi-gf76-katana-11ue-269xru-cernyj/characteristics/
MSI,GL66 Pulse 11UEK-211XRU,119999,0,0,Intel Core i5-11400H 6x2.7 ГГц,NVIDIA GeForce RTX 3060 для ноутбуков 6 ГБ,Intel UHD Graphics,8 ГБ DDR4 3200 МГц,512 ГБ M.2 PCIe,Нет,"1920x1080 15.6"" IPS 144 Гц",без ОС,https://www.dns-shop.ru/product/130e60cd108eed20/156-noutbuk-msi-gl66-pulse-11uek-211xru-seryj/characteristics/
ASUS,ROG Zephyrus G14 AniMe Matrix GA401QC-K2142T,123299,136999,10,AMD Ryzen 7 5800HS 8x2.8 ГГц,NVIDIA GeForce RTX 3050 для ноутбуков 4 ГБ,AMD Radeon Graphics,16 ГБ DDR4 3200 МГц,512 ГБ M.2 PCIe,Нет,"2560x1440 14"" IPS 120 Гц",Windows 10 Home Single Language,https://www.dns-shop.ru/product/15955a1bbf8d2ff1/14-noutbuk-asus-rog-zephyrus-g14-anime-matrix-ga401qc-k2142t-seryj/characteristics/
ASUS,ROG Zephyrus G14 GA401QC-K2136T,123299,136999,10,AMD Ryzen 7 5800HS 8x2.8 ГГц,NVIDIA GeForce RTX 3050 для ноутбуков 4 ГБ,AMD Radeon Graphics,16 ГБ DDR4 3200 МГц,512 ГБ M.2 PCIe,Нет,"2560x1440 14"" IPS 120 Гц",Windows 10 Home Single Language,https://www.dns-shop.ru/product/0f86473fbf8d2ff1/14-noutbuk-asus-rog-zephyrus-g14-ga401qc-k2136t-seryj/characteristics/
Dell,G515-4380,123299,136999,10,Intel Core i7-10870H 8x2.2 ГГц,NVIDIA GeForce RTX 3060 для ноутбуков 6 ГБ,Intel UHD Graphics,16 ГБ DDR4 2933 МГц,1000 ГБ M.2 PCIe,Нет,"1920x1080 15.6"" WVA (TN+film) 165 Гц",Windows 10 Home Single Language,https://www.dns-shop.ru/product/1614d61b411bed20/156-noutbuk-dell-g515-4380-seryj/characteristics/
Dell,G515-4342,124999,0,0,Intel Core i7-10870H 8x2.2 ГГц,NVIDIA GeForce RTX 3060 для ноутбуков 6 ГБ,Intel HD Graphics 630,16 ГБ DDR4 2933 МГц,512 ГБ M.2 PCIe,Нет,"1920x1080 15.6"" WVA (TN+film) 120 Гц",Windows 10 Home Single Language,https://www.dns-shop.ru/product/eb4733223abced20/156-noutbuk-dell-g515-4342-seryj/characteristics/
ASUS,TUF Gaming A17 FX706HEB-HX103W,124999,0,0,Intel Core i5-11400H 6x2.7 ГГц,NVIDIA GeForce RTX 3050 Ti для ноутбуков 4 ГБ,Intel UHD Graphics,8 ГБ DDR4 3200 МГц,512 ГБ M.2 PCIe,Нет,"1920x1080 17.3"" IPS 144 Гц",Windows 11 Home Single Language,https://www.dns-shop.ru/product/0e8a9556ec75ed20/173-noutbuk-asus-tuf-gaming-a17-fx706heb-hx103w-seryj/characteristics/
Dell,G15 5515,126999,0,0,AMD Ryzen 7 5800H 8x3.2 ГГц,NVIDIA GeForce RTX 3060 для ноутбуков 6 ГБ,AMD Radeon Graphics,16 ГБ DDR4 3200 МГц,512 ГБ M.2 PCIe,Нет,"1920x1080 15.6"" WVA (TN+film) 120 Гц",Windows 11 Home Single Language,https://www.dns-shop.ru/product/e0e126207ccded20/156-noutbuk-dell-g15-5515-seryj/characteristics/
MSI,Pulse GL66 12UEK-289XRU,127999,0,0,Intel Core i5-12500H 8x2.5 ГГц,NVIDIA GeForce RTX 3060 для ноутбуков 6 ГБ,Intel UHD Graphics,8 ГБ DDR4 3200 МГц,512 ГБ M.2 PCIe,Нет,"1920x1080 15.6"" IPS 144 Гц",без ОС,https://www.dns-shop.ru/product/3fed32f29fa32ff4/156-noutbuk-msi-pulse-gl66-12uek-289xru-seryj/characteristics/
ASUS,TUF Gaming A15 FX506QM-HN053,129599,143999,10,AMD Ryzen 7 5800H 8x3.2 ГГц,NVIDIA GeForce RTX 3060 для ноутбуков 6 ГБ,AMD Radeon Graphics,16 ГБ DDR4 3200 МГц,512 ГБ M.2 PCIe,Нет,"1920x1080 15.6"" IPS 144 Гц",без ОС,https://www.dns-shop.ru/product/895cc797e300ed20/156-noutbuk-asus-tuf-gaming-a15-fx506qm-hn053-cernyj/characteristics/
Lenovo,ThinkBook 16p G2 ACH,129999,0,0,AMD Ryzen 5 5600H 6x3.3 ГГц,NVIDIA GeForce RTX 3060 для ноутбуков 6 ГБ,AMD Radeon Graphics,16 ГБ DDR4 3200 МГц,512 ГБ M.2 PCIe,Нет,"2560x1600 16"" IPS 60 Гц",без ОС,https://www.dns-shop.ru/product/7890c0c6f0fced20/16-noutbuk-lenovo-thinkbook-16p-g2-ach-seryj/characteristics/
ASUS,TUF Gaming F17 FX706HEB-HX103,129999,0,0,Intel Core i5-11400H 6x2.7 ГГц,NVIDIA GeForce RTX 3050 Ti для ноутбуков 4 ГБ,Intel UHD Graphics,8 ГБ DDR4 3200 МГц,512 ГБ M.2 PCIe,Нет,"1920x1080 17.3"" IPS 144 Гц",без ОС,https://www.dns-shop.ru/product/c4c3ab6ae2852ff4/173-noutbuk-asus-tuf-gaming-f17-fx706heb-hx103-seryj/characteristics/
Dell,G515-0303,131999,0,0,Intel Core i7-11800H 8x2.3 ГГц,NVIDIA GeForce RTX 3060 для ноутбуков 6 ГБ,Intel UHD Graphics,16 ГБ DDR4 3200 МГц,1000 ГБ M.2 PCIe,Нет,"1920x1080 15.6"" WVA (TN+film) 165 Гц",Linux,https://www.dns-shop.ru/product/655e991d48fced20/156-noutbuk-dell-g515-0303-seryj/characteristics/
Dell,G15 5511,132999,0,0,Intel Core i7-11800H 8x2.3 ГГц,NVIDIA GeForce RTX 3050 Ti для ноутбуков 4 ГБ,Intel UHD Graphics,16 ГБ DDR4 2933 МГц,512 ГБ M.2 PCIe,Нет,"1920x1080 15.6"" WVA (TN+film) 120 Гц",Windows 11 Home Single Language,https://www.dns-shop.ru/product/3fed33409fa32ff4/156-noutbuk-dell-g15-5511-seryj/characteristics/
HP,OMEN 16-c0003ur,132999,0,0,AMD Ryzen 9 5900HX 8x3.3 ГГц,AMD Radeon RX 6600M 8 ГБ,AMD Radeon Graphics,16 ГБ DDR4 3200 МГц,1000 ГБ M.2 PCIe,Нет,"1920x1080 16.1"" IPS 144 Гц",Windows 10 Home Single Language,https://www.dns-shop.ru/product/dc15c6aa0f6fed20/161-noutbuk-hp-omen-16-c0003ur-seryj/characteristics/
AORUS,15P KD,134999,149999,10,Intel Core i7-11800H 8x2.3 ГГц,NVIDIA GeForce RTX 3060 для ноутбуков 6 ГБ,Intel UHD Graphics,16 ГБ DDR4 3200 МГц,1000 ГБ M.2 PCIe,Нет,"1920x1080 15.6"" IPS 240 Гц",без ОС,https://www.dns-shop.ru/product/482ecda1da0ad763/156-noutbuk-aorus-15p-kd-cernyj/characteristics/
ASUS,TUF Dash F15 FX516PR-HN033T,134999,149999,10,Intel Core i7-11370H 4x3.3 ГГц,NVIDIA GeForce RTX 3070 для ноутбуков 8 ГБ,Intel Iris Xe Graphics,16 ГБ DDR4 3200 МГц,512 ГБ M.2 PCIe,Нет,"1920x1080 15.6"" IPS 144 Гц",Windows 10 Home Single Language,https://www.dns-shop.ru/product/83500cec338b3332/156-noutbuk-asus-tuf-dash-f15-fx516pr-hn033t-seryj/characteristics/
MSI,Katana GF66 11UG-079XRU,134999,149999,10,Intel Core i7-11800H 8x2.3 ГГц,NVIDIA GeForce RTX 3070 для ноутбуков 8 ГБ,Intel UHD Graphics,16 ГБ DDR4 3200 МГц,1000 ГБ M.2 PCIe,Нет,"1920x1080 15.6"" IPS 144 Гц",без ОС,https://www.dns-shop.ru/product/ca36f40fa7282ff1/156-noutbuk-msi-katana-gf66-11ug-079xru-cernyj/characteristics/
MSI,Pulse GL66 12UEK-231XRU,134999,0,0,Intel Core i7-12700H 6x2.3 ГГц,NVIDIA GeForce RTX 3060 для ноутбуков 6 ГБ,Intel UHD Graphics,8 ГБ DDR4 3200 МГц,512 ГБ M.2 PCIe,Нет,"1920x1080 15.6"" IPS 144 Гц",без ОС,https://www.dns-shop.ru/product/39ef8f319fa32ff4/156-noutbuk-msi-pulse-gl66-12uek-231xru-seryj/characteristics/
MSI,GL76 Pulse 12UEK-088XRU,134999,0,0,Intel Core i5-12500H кол-во ядер: 4,NVIDIA GeForce RTX 3060 для ноутбуков 6 ГБ,Intel Iris Xe Graphics,16 ГБ DDR4 3200 МГц,512 ГБ M.2 PCIe,Нет,"1920x1080 17.3"" IPS 144 Гц",без ОС,https://www.dns-shop.ru/product/3a993486d5aded20/173-noutbuk-msi-gl76-pulse-12uek-088xru-seryj/characteristics/
Lenovo,Legion 5 15ITH6H,136999,0,0,Intel Core i5-11400H 6x2.7 ГГц,NVIDIA GeForce RTX 3060 для ноутбуков 6 ГБ,Intel UHD Graphics,16 ГБ DDR4 3200 МГц,512 ГБ M.2 PCIe,Нет,"1920x1080 15.6"" IPS 165 Гц",без ОС,https://www.dns-shop.ru/product/5c9c84ef7d9ded20/156-noutbuk-lenovo-legion-5-15ith6h-sinij/characteristics/
HP,OMEN 16-c0031ur,139499,154999,10,AMD Ryzen 5 5600H 6x3.3 ГГц,AMD Radeon RX 6600M 8 ГБ,AMD Radeon Graphics,16 ГБ DDR4 3200 МГц,1000 ГБ M.2 PCIe,Нет,"1920x1080 16.1"" IPS 144 Гц",Windows 11 Home Single Language,https://www.dns-shop.ru/product/1199207bd6782ff4/161-noutbuk-hp-omen-16-c0031ur-seryj/characteristics/
AORUS,15P KD,139999,0,0,Intel Core i7-11800H 8x2.3 ГГц,NVIDIA GeForce RTX 3060 для ноутбуков 6 ГБ,Intel UHD Graphics,16 ГБ DDR4 3200 МГц,1000 ГБ M.2 PCIe,Нет,"1920x1080 15.6"" IPS 240 Гц",Windows 10 Home Single Language,https://www.dns-shop.ru/product/3470a1150154c823/156-noutbuk-aorus-15p-kd-cernyj/characteristics/
MSI,Stealth 15M A11UEK-230XRU,139999,0,0,Intel Core i7-11375H 4x3.3 ГГц,NVIDIA GeForce RTX 3060 для ноутбуков 6 ГБ,Intel Iris Xe Graphics,16 ГБ DDR4 3200 МГц,1000 ГБ M.2 PCIe,Нет,"1920x1080 15.6"" IPS 144 Гц",без ОС,https://www.dns-shop.ru/product/d1b6e9d9a7272ff1/156-noutbuk-msi-stealth-15m-a11uek-230xru-seryj/characteristics/
MSI,GF76 Katana 11UE-268RU,139999,0,0,Intel Core i7-11800H 8x2.3 ГГц,NVIDIA GeForce RTX 3060 для ноутбуков 6 ГБ,Intel UHD Graphics,16 ГБ DDR4 3200 МГц,1000 ГБ M.2 PCIe,Нет,"1920x1080 17.3"" IPS 144 Гц",Windows 10 Home Single Language,https://www.dns-shop.ru/product/0947b79019f2ed20/173-noutbuk-msi-gf76-katana-11ue-268ru-cernyj/characteristics/
Lenovo,ThinkBook 16p G2 ACH,144999,0,0,AMD Ryzen 5 5600H 6x3.3 ГГц,NVIDIA GeForce RTX 3060 для ноутбуков 6 ГБ,AMD Radeon Graphics,16 ГБ DDR4 3200 МГц,512 ГБ M.2 PCIe,Нет,"2560x1600 16"" IPS 60 Гц",Windows 10 Pro,https://www.dns-shop.ru/product/7cd99765f0fbed20/16-noutbuk-lenovo-thinkbook-16p-g2-ach-seryj/characteristics/
AORUS,15P XD,148499,164999,10,Intel Core i7-11800H 8x2.3 ГГц,NVIDIA GeForce RTX 3070 для ноутбуков 8 ГБ,Intel UHD Graphics,16 ГБ DDR4 3200 МГц,1000 ГБ M.2 PCIe,Нет,"1920x1080 15.6"" IPS 240 Гц",без ОС,https://www.dns-shop.ru/product/f99a960a4b7ced20/156-noutbuk-aorus-15p-xd-cernyj/characteristics/
ASUS,ROG Zephyrus G14 AniMe Matrix GA401QC-K2143T,149999,0,0,AMD Ryzen 7 5800HS 8x2.8 ГГц,NVIDIA GeForce RTX 3050 для ноутбуков 4 ГБ,AMD Radeon Graphics,16 ГБ DDR4 3200 МГц,512 ГБ M.2 PCIe,Нет,"2560x1440 14"" IPS 120 Гц",Windows 10 Home Single Language,https://www.dns-shop.ru/product/b7dafeaaed1aed20/14-noutbuk-asus-rog-zephyrus-g14-anime-matrix-ga401qc-k2143t-seryj/characteristics/
AORUS,15P XD,150299,166999,10,Intel Core i7-11800H 8x2.3 ГГц,NVIDIA GeForce RTX 3070 для ноутбуков 8 ГБ,Intel UHD Graphics,16 ГБ DDR4 3200 МГц,1000 ГБ M.2 PCIe,Нет,"1920x1080 15.6"" IPS 240 Гц",Windows 11 Home Single Language,https://www.dns-shop.ru/product/be2545b0c501ed20/156-noutbuk-aorus-15p-xd-cernyj/characteristics/
AORUS,17G KD,150299,166999,10,Intel Core i7-11800H 8x2.3 ГГц,NVIDIA GeForce RTX 3060 для ноутбуков 6 ГБ,Intel UHD Graphics,16 ГБ DDR4 3200 МГц,512 ГБ M.2 PCIe,Нет,"1920x1080 17.3"" IPS 300 Гц",без ОС,https://www.dns-shop.ru/product/5c7e0b97ffe8c823/173-noutbuk-aorus-17g-kd-cernyj/characteristics/
ASUS,TUF Gaming F15 FX507ZM-HN115W,152999,169999,10,Intel Core i7-12700H кол-во ядер: 6,NVIDIA GeForce RTX 3060 для ноутбуков 6 ГБ,Intel UHD Graphics,16 ГБ DDR5 4800 МГц,512 ГБ M.2 PCIe,Нет,"1920x1080 15.6"" IPS 144 Гц",Windows 11 Home Single Language,https://www.dns-shop.ru/product/9e688d295e0ced20/156-noutbuk-asus-tuf-gaming-f15-fx507zm-hn115w-serebristyj/characteristics/
ASUS,ROG Strix G17 G713IM-HX055W,152999,0,0,AMD Ryzen 7 4800H 8x2.9 ГГц,NVIDIA GeForce RTX 3060 для ноутбуков 6 ГБ,AMD Radeon Graphics,16 ГБ DDR4 3200 МГц,512 ГБ M.2 PCIe,Нет,"1920x1080 17.3"" IPS 144 Гц",Windows 11 Home Single Language,https://www.dns-shop.ru/product/79321cf18559ed20/173-noutbuk-asus-rog-strix-g17-g713im-hx055w-seryj/characteristics/
Lenovo,Legion 5 15ITH6H,154999,0,0,Intel Core i7-11800H 8x2.3 ГГц,NVIDIA GeForce RTX 3060 для ноутбуков 6 ГБ,Intel UHD Graphics,16 ГБ DDR4 3200 МГц,512 ГБ M.2 PCIe,Нет,"1920x1080 15.6"" IPS 165 Гц",без ОС,https://www.dns-shop.ru/product/e017e0fa7d9ded20/156-noutbuk-lenovo-legion-5-15ith6h-sinij/characteristics/
MSI,Stealth 15M A11UEK-275RU [9S7-156311-275],155999,0,0,Intel Core i7-11375H 4x3.3 ГГц,NVIDIA GeForce RTX 3060 для ноутбуков 6 ГБ,Intel Iris Xe Graphics,16 ГБ DDR4 3200 МГц,512 ГБ M.2 PCIe,Нет,"1920x1080 15.6"" IPS 144 Гц",Windows 11 Home Single Language,https://www.dns-shop.ru/product/3fed32f69fa32ff4/156-noutbuk-msi-stealth-15m-a11uek-275ru-9s7-156311-275-seryj/characteristics/
Acer,Nitro 5 AN515-45-R671,161999,179999,10,AMD Ryzen 7 5800H 8x3.2 ГГц,NVIDIA GeForce RTX 3080 для ноутбуков 8 ГБ,AMD Radeon Graphics,16 ГБ DDR4 3200 МГц,1000 ГБ M.2 PCIe,Нет,"2560x1440 15.6"" IPS 165 Гц",без ОС,https://www.dns-shop.ru/product/64b74194d2ff2ff2/156-noutbuk-acer-nitro-5-an515-45-r671-cernyj/characteristics/
Dell,G15 5515,164799,0,0,AMD Ryzen 5 5600H 6x3.3 ГГц,NVIDIA GeForce RTX 3050 для ноутбуков 4 ГБ,AMD Radeon Graphics,8 ГБ DDR4 3200 МГц,256 ГБ M.2 PCIe,Нет,"1920x1080 15.6"" WVA (TN+film) 120 Гц",Windows 11 Home Single Language,https://www.dns-shop.ru/product/3fed32fc9fa32ff4/156-noutbuk-dell-g15-5515-seryj/characteristics/
ASUS,TUF Gaming F17 FX707ZM-HX052W,164999,0,0,Intel Core i7-12700H кол-во ядер: 6,NVIDIA GeForce RTX 3060 для ноутбуков 6 ГБ,Intel UHD Graphics,16 ГБ DDR5 4800 МГц,512 ГБ M.2 PCIe,Нет,"1920x1080 17.3"" IPS 144 Гц",Windows 11 Home Single Language,https://www.dns-shop.ru/product/9e688d285e0ced20/173-noutbuk-asus-tuf-gaming-f17-fx707zm-hx052w-serebristyj/characteristics/
MSI,GF76 Katana 12UGS-070XRU,166499,184999,10,Intel Core i7-12700H кол-во ядер: 6,NVIDIA GeForce RTX 3070 Ti для ноутбуков 8 ГБ,Intel UHD Graphics,16 ГБ DDR4 3200 МГц,1000 ГБ M.2 PCIe,Нет,"1920x1080 17.3"" IPS 144 Гц",без ОС,https://www.dns-shop.ru/product/0dcd367974eaed20/173-noutbuk-msi-gf76-katana-12ugs-070xru-cernyj/characteristics/
MSI,Delta 15 A5EFK-038RU,169999,0,0,AMD Ryzen 7 5800H 8x3.2 ГГц,AMD Radeon RX 6700M 10 ГБ,AMD Radeon Graphics,16 ГБ DDR4 3200 МГц,2000 ГБ M.2 PCIe (2 шт.),Нет,"1920x1080 15.6"" IPS 240 Гц",Windows 10 Home Single Language,https://www.dns-shop.ru/product/17b7d73219f2ed20/156-noutbuk-msi-delta-15-a5efk-038ru-seryj/characteristics/
MSI,GF66 Katana 12UG-434XRU,169999,0,0,Intel Core i7-12700H кол-во ядер: 6,NVIDIA GeForce RTX 3070 для ноутбуков 8 ГБ,Intel UHD Graphics,16 ГБ DDR4 3200 МГц,1000 ГБ M.2 PCIe,Нет,"1920x1080 15.6"" IPS 240 Гц",без ОС,https://www.dns-shop.ru/product/fd8c762472a4ed20/156-noutbuk-msi-gf66-katana-12ug-434xru-cernyj/characteristics/
HP,OMEN 16-c0057ur,169999,0,0,AMD Ryzen 7 5800H 8x3.2 ГГц,NVIDIA GeForce RTX 3070 для ноутбуков 8 ГБ,AMD Radeon Graphics,16 ГБ DDR4 3200 МГц,512 ГБ M.2 PCIe,Нет,"1920x1080 16.1"" IPS 144 Гц",без ОС,https://www.dns-shop.ru/product/84d099efeddaed20/161-noutbuk-hp-omen-16-c0057ur-seryj/characteristics/
MSI,Pulse GL66 11UEK-208RU,173999,0,0,Intel Core i7-11800H 8x2.3 ГГц,NVIDIA GeForce RTX 3060 для ноутбуков 6 ГБ,Intel UHD Graphics,16 ГБ DDR4 3200 МГц,512 ГБ M.2 PCIe,Нет,"1920x1080 15.6"" IPS 144 Гц",Windows 11 Home Single Language,https://www.dns-shop.ru/product/3fed33089fa32ff4/156-noutbuk-msi-pulse-gl66-11uek-208ru-seryj/characteristics/
HP,OMEN 15-en1021ur,174999,0,0,AMD Ryzen 7 5800H 8x3.2 ГГц,NVIDIA GeForce RTX 3070 для ноутбуков 8 ГБ,AMD Radeon Graphics,16 ГБ DDR4 3200 МГц,1024 ГБ M.2 PCIe,Нет,"1920x1080 15.6"" IPS 144 Гц",без ОС,https://www.dns-shop.ru/product/380a3f1ae2f6ed20/156-noutbuk-hp-omen-15-en1021ur-seryj/characteristics/
Acer,Nitro 5 AN515-45-R5A1,179999,0,0,AMD Ryzen 7 5800H 8x3.2 ГГц,NVIDIA GeForce RTX 3080 для ноутбуков 8 ГБ,AMD Radeon Graphics,16 ГБ DDR4 3200 МГц,1000 ГБ M.2 PCIe,Нет,"2560x1440 15.6"" IPS 165 Гц",Windows 11 Home Single Language,https://www.dns-shop.ru/product/bc579f6c32d7ed20/156-noutbuk-acer-nitro-5-an515-45-r5a1-cernyj/characteristics/
MSI,Crosshair 15 B12UGSZ-479XRU,179999,199999,10,Intel Core i7-12700H кол-во ядер: 6,NVIDIA GeForce RTX 3070 Ti для ноутбуков 8 ГБ,Intel Iris Xe Graphics,16 ГБ DDR4 3200 МГц,1000 ГБ M.2 PCIe,Нет,"1920x1080 15.6"" IPS 144 Гц",без ОС,https://www.dns-shop.ru/product/bdda202fd5b2ed20/156-noutbuk-msi-crosshair-15-b12ugsz-479xru-seryj/characteristics/
MSI,GF76 Katana 12UGS-068RU,179999,199999,10,Intel Core i7-12700H кол-во ядер: 6,NVIDIA GeForce RTX 3070 Ti для ноутбуков 8 ГБ,Intel UHD Graphics,16 ГБ DDR4 3200 МГц,1000 ГБ M.2 PCIe,Нет,"1920x1080 17.3"" IPS 144 Гц",Windows 11 Home Single Language,https://www.dns-shop.ru/product/84513e7a72a3ed20/173-noutbuk-msi-gf76-katana-12ugs-068ru-cernyj/characteristics/
MSI,Crosshair 15 B12UGSZ-478RU,188999,209999,10,Intel Core i7-12700H кол-во ядер: 6,NVIDIA GeForce RTX 3070 Ti для ноутбуков 8 ГБ,Intel Iris Xe Graphics,16 ГБ DDR4 3200 МГц,1000 ГБ M.2 PCIe,Нет,"1920x1080 15.6"" IPS 144 Гц",Windows 11 Home Single Language,https://www.dns-shop.ru/product/2ac3587ed5b2ed20/156-noutbuk-msi-crosshair-15-b12ugsz-478ru-cernyj/characteristics/
Dell,G15 5515,202799,0,0,AMD Ryzen 7 5800H 8x3.2 ГГц,NVIDIA GeForce RTX 3050 для ноутбуков 4 ГБ,AMD Radeon Graphics,16 ГБ DDR4 3200 МГц,512 ГБ M.2 PCIe,Нет,"1920x1080 15.6"" WVA (TN+film) 120 Гц",Windows 11 Home Single Language,https://www.dns-shop.ru/product/3fed32fe9fa32ff4/156-noutbuk-dell-g15-5515-seryj/characteristics/
MSI,GE66 Raider 12UGS-289RU,206999,229999,10,Intel Core i7-12700H 6x3.5 ГГц,NVIDIA GeForce RTX 3070 Ti для ноутбуков 8 ГБ,Intel UHD Graphics,16 ГБ DDR5,1000 ГБ M.2 PCIe,Нет,"1920x1080 15.6"" IPS 360 Гц",Windows 11 Home Single Language,https://www.dns-shop.ru/product/3fed33729fa32ff4/156-noutbuk-msi-ge66-raider-12ugs-289ru-goluboj/characteristics/
Alienware,M15 R5,209999,0,0,AMD Ryzen 7 5800H 8x3.2 ГГц,NVIDIA GeForce RTX 3060 для ноутбуков 6 ГБ,AMD Radeon Graphics,16 ГБ DDR4 3200 МГц,512 ГБ M.2 PCIe,Нет,"1920x1080 15.6"" IPS 165 Гц",Windows 11 Home Single Language,https://www.dns-shop.ru/product/39ef8f1b9fa32ff4/156-noutbuk-alienware-m15-r5-seryj/characteristics/
ASUS,ROG Strix G15 G513QY-HF001,219999,0,0,AMD Ryzen 9 5900HX 8x3.3 ГГц,AMD Radeon RX 6800M 12 ГБ,AMD Radeon Graphics,16 ГБ DDR4 3200 МГц,512 ГБ M.2 PCIe,Нет,"1920x1080 15.6"" IPS 300 Гц",без ОС,https://www.dns-shop.ru/product/2df386809fa32ff4/156-noutbuk-asus-rog-strix-g15-g513qy-hf001-cernyj/characteristics/
ASUS,ROG Strix G15 G513QY-HF001T,219999,0,0,AMD Ryzen 9 5900HX 8x3.3 ГГц,AMD Radeon RX 6800M 12 ГБ,AMD Radeon Graphics,16 ГБ DDR4 3200 МГц,512 ГБ M.2 PCIe,Нет,"1920x1080 15.6"" IPS 300 Гц",Windows 10 Home Single Language,https://www.dns-shop.ru/product/27f63af69fa32ff4/156-noutbuk-asus-rog-strix-g15-g513qy-hf001t-cernyj/characteristics/
MSI,GE66 Raider 12UGS-466RU,249999,0,0,Intel Core i9-12900HK кол-во ядер: 6,NVIDIA GeForce RTX 3070 Ti для ноутбуков 8 ГБ,Intel Iris Xe Graphics,32 ГБ DDR5,1000 ГБ M.2 PCIe,Нет,"2560x1440 15.6"" IPS 240 Гц",Windows 11 Home Single Language,https://www.dns-shop.ru/product/5e6ef727d5b1ed20/156-noutbuk-msi-ge66-raider-12ugs-466ru-goluboj/characteristics/
MSI,Creator Z16P B12UGST-026RU,249999,0,0,Intel Core i9-12900H кол-во ядер: 6,NVIDIA GeForce RTX 3070 Ti для ноутбуков 8 ГБ,Intel Iris Xe Graphics,32 ГБ DDR5,2000 ГБ M.2 PCIe,Нет,"2560x1600 16"" IPS 165 Гц",Windows 11 Home Single Language,https://www.dns-shop.ru/product/b207caa7d5b3ed20/16-noutbuk-msi-creator-z16p-b12ugst-026ru-seryj/characteristics/
MSI,GE66 Raider 12UHS-467RU,309999,0,0,Intel Core i9-12900HK кол-во ядер: 6,NVIDIA GeForce RTX 3080 Ti для ноутбуков 16 ГБ,Intel Iris Xe Graphics,32 ГБ DDR5,2000 ГБ M.2 PCIe,Нет,"3840x2160 15.6"" IPS 120 Гц",Windows 11 Home Single Language,https://www.dns-shop.ru/product/d372b0d2d5b0ed20/156-noutbuk-msi-ge66-raider-12uhs-467ru-goluboj/characteristics/
MSI,GS66 Stealth 12UHS-267RU,329999,0,0,Intel Core i9-12900H кол-во ядер: 6,NVIDIA GeForce RTX 3080 Ti для ноутбуков 16 ГБ,Intel UHD Graphics,64 ГБ DDR5 4800 МГц,2000 ГБ M.2 PCIe,Нет,"3840x2160 15.6"" IPS 60 Гц",Windows 11 Home Single Language,https://www.dns-shop.ru/product/12af7d3ad5aeed20/156-noutbuk-msi-gs66-stealth-12uhs-267ru-cernyj/characteristics/
MSI,GE76 Raider 12UHS-682RU,349999,0,0,Intel Core i9-12900HK кол-во ядер: 6,NVIDIA GeForce RTX 3080 Ti для ноутбуков 16 ГБ,Intel Iris Xe Graphics,64 ГБ DDR5 4800 МГц,2000 ГБ M.2 PCIe,Нет,"3840x2160 17.3"" IPS 120 Гц",Windows 11 Home Single Language,https://www.dns-shop.ru/product/42b2a5ccd5aced20/173-noutbuk-msi-ge76-raider-12uhs-682ru-sinij/characteristics/
